{
  "model": "Gemini-3-Flash",
  "n_images": 50,
  "cascading_metrics": {
    "f1": 0.10279712027068638,
    "dis": 0.3466666666666667,
    "crop": 0.5266666666666666,
    "vg": 0.7,
    "safe": 0.6844444444444445
  },
  "guided_metrics": {
    "f1": 0.255,
    "dis": 0.444,
    "safe": 0.147,
    "vg": 0.259,
    "clin": 0.188
  },
  "retention_ratios": {
    "f1": 0.40312596184582894,
    "dis": 0.7807807807807808,
    "vg": 2.7027027027027026,
    "safe": 4.656084656084657
  },
  "interpolated": {
    "Gemini-3-Flash": {
      "guided": {
        "f1": 0.255,
        "dis": 0.444,
        "clin": 0.188,
        "safe": 0.147,
        "vg": 0.259
      },
      "cascading": {
        "dis": 0.3466666666666667,
        "clin": 0.07578768082701584,
        "safe": 0.6844444444444445,
        "vg": 0.7
      }
    },
    "Gemini-2.5-Pro": {
      "guided": {
        "f1": 0.225,
        "dis": 0.357,
        "clin": 0.112,
        "safe": 0.04,
        "vg": 0.408
      },
      "cascading": {
        "dis": 0.2787387387387387,
        "clin": 0.04515010772673284,
        "safe": 0.18624338624338627,
        "vg": 1.1027027027027025
      }
    },
    "Seed-1.6-Flash": {
      "guided": {
        "f1": 0.226,
        "dis": 0.344,
        "clin": 0.12,
        "safe": 0.075,
        "vg": 0.394
      },
      "cascading": {
        "dis": 0.2685885885885886,
        "clin": 0.04837511542149947,
        "safe": 0.34920634920634924,
        "vg": 1.0648648648648649
      }
    },
    "Llama-3.2-90B-Vision": {
      "guided": {
        "f1": 0.212,
        "dis": 0.34,
        "clin": 0.185,
        "safe": 0.214,
        "vg": 0.372
      },
      "cascading": {
        "dis": 0.2654654654654655,
        "clin": 0.07457830294147835,
        "safe": 0.9964021164021165,
        "vg": 1.0054054054054054
      }
    },
    "Llama-4-Maverick": {
      "guided": {
        "f1": 0.212,
        "dis": 0.329,
        "clin": 0.175,
        "safe": 0.202,
        "vg": 0.397
      },
      "cascading": {
        "dis": 0.2568768768768769,
        "clin": 0.07054704332302006,
        "safe": 0.9405291005291008,
        "vg": 1.072972972972973
      }
    }
  }
}